<?xml version="1.0" encoding="UTF-8"?>
<project-private xmlns="http://www.netbeans.org/ns/project-private/1">
    <editor-bookmarks xmlns="http://www.netbeans.org/ns/editor-bookmarks/2" lastBookmarkId="1">
        <file>
            <url>src/studijosKTU/ListKTU.java</url>
            <bookmark id="1">
                <name/>
                <line>227</line>
                <key/>
            </bookmark>
        </file>
    </editor-bookmarks>
    <open-files xmlns="http://www.netbeans.org/ns/projectui-open-files/2">
        <group>
            <file>file:/C:/Users/kalte_000/Downloads/2%20KURSAS/DUOMENŲ%20STRUKTŪROS/L2Prat/Lab2_BendriniaiSarasai/src/studijosKTU/ListKTU.java</file>
            <file>file:/C:/Users/kalte_000/Downloads/2%20KURSAS/DUOMENŲ%20STRUKTŪROS/L2Prat/Lab2_BendriniaiSarasai/src/Lab2Kaltenyte/Knygynas.java</file>
            <file>file:/C:/Users/kalte_000/Downloads/2%20KURSAS/DUOMENŲ%20STRUKTŪROS/L2Prat/Lab2_BendriniaiSarasai/src/Lab2Kaltenyte/GreitaveikosTyrimas.java</file>
            <file>file:/C:/Users/kalte_000/Downloads/2%20KURSAS/DUOMENŲ%20STRUKTŪROS/L2Prat/Lab2_BendriniaiSarasai/src/Lab2Kaltenyte/KnyguBandymai.java</file>
            <file>file:/C:/Users/kalte_000/Downloads/2%20KURSAS/DUOMENŲ%20STRUKTŪROS/L2Prat/Lab2_BendriniaiSarasai/src/Lab2Kaltenyte/Knyga.java</file>
        </group>
    </open-files>
</project-private>
