<?xml version="1.0" encoding="UTF-8"?>
<project-private xmlns="http://www.netbeans.org/ns/project-private/1">
    <editor-bookmarks xmlns="http://www.netbeans.org/ns/editor-bookmarks/2" lastBookmarkId="0"/>
    <open-files xmlns="http://www.netbeans.org/ns/projectui-open-files/2">
        <group>
            <file>file:/home/monika/Downloads/JAVA/L3/Lab3_AibesMedziai/src/laborai/gui/swing/Lab3Window.java</file>
            <file>file:/home/monika/Downloads/JAVA/L3/Lab3_AibesMedziai/src/laborai/studijosktu/BstSetKTU.java</file>
            <file>file:/home/monika/Downloads/JAVA/L3/Lab3_AibesMedziai/src/Lab3Kaltenyte/GreitaveikosTyrimas.java</file>
            <file>file:/home/monika/Downloads/JAVA/L3/Lab3_AibesMedziai/src/Lab3Kaltenyte/VykdymoModulis.java</file>
        </group>
    </open-files>
</project-private>
